Workbook

Sheet 00 Mode d'emploi
B2: FICHIER DE PROSPECTION – LOGISTIQUE EN APPRENTISSAGE
B3: Bassin Nord-Est de La Réunion : de Saint-Denis à Sainte-Rose, hauteurs comprises
B5: À QUOI SERT CE FICHIER
B6: Objectif | C6: Identifier et suivre les entreprises du bassin Nord-Est susceptibles de signer un contrat d'apprentissage sur un métier de la logistique (16-25 ans).
B7: Périmètre géographique | C7: Saint-Denis, Sainte-Clotilde, Sainte-Marie, Sainte-Suzanne, Saint-André, Bras-Panon, Saint-Benoît, La Plaine-des-Palmistes, Sainte-Rose, Salazie et les hauteurs.
B8: Un onglet = une commune | C8: Les onglets 01 à 07 suivent l'axe littoral Nord-Est, dans l'ordre de la route. Vous pouvez faire une tournée terrain onglet par onglet.
B10: ⚠️ LIRE AVANT UTILISATION – FIABILITÉ DES DONNÉES
B11: Ce qui est fourni | C11: Raison sociale, adresse, commune, segment d'activité et poste d'apprenti pertinent. Ces éléments proviennent de sources publiques (annuaires professionnels, sites officiels des entreprises).
B12: Ce qui est à compléter | C12: SIRET, code APE, nom du dirigeant, téléphone et email portent la mention « A VERIFIER » ou « A COMPLETER » lorsqu'ils n'ont pas pu être confirmés. AUCUNE de ces données n'a été inventée : un SIRET ou un nom de dirigeant faux vous ferait perdre votre crédibilité dès le premier appel.
B13: Comment compléter en 2 clics | C13: Colonne « Vérifier SIRET / APE / Dirigeant » : chaque ligne contient un lien pré-rempli vers l'Annuaire des Entreprises (annuaire-entreprises.data.gouv.fr). Cliquez, puis recopiez le SIRET, le code APE et le nom du dirigeant. C'est gratuit, officiel et à jour.
B14: Emails et téléphones | C14: Ils ne figurent pas dans l'open data. Sources : site web de l'entreprise (page Contact / Mentions légales), page LinkedIn de l'entreprise, ou standard téléphonique. Astuce : demandez toujours « qui s'occupe des recrutements et de la taxe d'apprentissage ? ».
B16: MÉTHODE DE TRAVAIL CONSEILLÉE
B17: 1. Qualifier avant d'appeler | C17: Complétez SIRET + APE + dirigeant. Un appel préparé où vous citez le nom du dirigeant et l'activité exacte double le taux de RDV.
B18: 2. Prioriser | C18: Colonne Priorité : P1 = logistique au cœur du métier, structure capable de tutorer. P2 = besoin logistique réel mais secondaire. P3 = TPE ou à qualifier. Traitez les P1 en premier.
B19: 3. Tracer chaque contact | C19: Colonnes « Statut prospection » et « Date dernier contact » : à remplir après CHAQUE échange. C'est ce qui fait la différence sur une campagne de 3 mois.
B20: 4. Suivre les chiffres | C20: Onglet « 08 Pilotage » : compteurs automatiques par commune et par statut.
B22: ONGLETS OUTILS
B23: 09 Codes APE à cibler | C23: La liste des codes APE/NAF qui trahissent un besoin logistique. Utilisez-la pour élargir vous-même le fichier depuis l'Annuaire des Entreprises.
B24: 10 Script d'appel | C24: Trame d'appel à froid, argumentaire employeur et réponses aux objections les plus fréquentes.
B25: 11 Sources & mise à jour | C25: D'où viennent les données, et où aller les actualiser.
B27: REMPLISSAGE AUTOMATIQUE – 2 MINUTES
B28: Le script d'auto-complétion | C28: Le fichier « completer_via_annuaire.py » (fourni à côté de ce classeur) interroge l'API officielle de l'INSEE (recherche-entreprises.api.gouv.fr) et remplit tout seul les colonnes SIRET, Code APE, Libellé APE, Effectif et Dirigeant, pour toutes les lignes du fichier.
B29: Comment le lancer | C29: Sur Mac : ouvrir le Terminal. Sur PC : ouvrir l'invite de commandes. Taper : python3 completer_via_annuaire.py (voir le fichier LISEZ-MOI.md pour le détail). Le script crée une COPIE enrichie et ne touche jamais à votre fichier de travail.
B30: Ce qu'il ne fait pas | C30: Il ne remplit ni les téléphones ni les emails : ces données ne sont dans aucune base ouverte. Il ne remplit une case QUE s'il est sûr de l'entreprise ; sinon il laisse « A VERIFIER » et note le doute dans le journal.
B31: La colonne Effectif | C31: Tranche d'effectif salarié INSEE. C'est votre filtre le plus utile : une entreprise de 0 salarié ne pourra pas tutorer un apprenti, une entreprise de 10 à 50 salariés est la cible idéale.

Sheet 01 Saint-Denis
A1: PROSPECTION LOGISTIQUE – SAINT-DENIS
A2: Saint-Denis / Sainte-Clotilde / Le Chaudron
A4: N° | B4: Raison sociale / Enseigne | C4: Segment logistique | D4: Adresse | E4: CP | F4: Commune | G4: SIRET (14 chiffres) | H4: Code APE | I4: Libellé APE | J4: Effectif (tranche INSEE) | K4: Dirigeant (Nom Prénom) | L4: Fonction | M4: Téléphone | N4: Email contact | O4: Site web | P4: Poste apprenti visé | Q4: Priorité | R4: Fiabilité donnée | S4: Vérifier SIRET / APE / Dirigeant | T4: Statut prospection | U4: Date dernier contact | V4: Notes
A5: 1 | B5: SOLAM OUTRE-MER (SOLAM RÉUNION) | C5: Prestataire logistique (3PL) | D5: 3 chemin des Écoliers | E5: 97400 | F5: Saint-Denis | G5: A VERIFIER | H5: A VERIFIER | I5: A VERIFIER | J5: A COMPLETER | K5: A COMPLETER | L5: Dirigeant / DG | M5: A COMPLETER | N5: A COMPLETER | O5: A COMPLETER | P5: Opérateur logistique / Prépa. commandes | Q5: P1 | R5: Source annuaire | S5: Ouvrir la fiche entreprise | T5: A contacter | V5: Gestion d'entrepôt, livraison, suivi des flux, expédition. Profil idéal : préparateur de commandes.
A6: 2 | B6: SOCIÉTÉ RÉUNIONNAISE TOUT TRANSIT (SRTT) | C6: Transit / Commission de transport | D6: 106 rue Deux Canons | E6: 97400 | F6: Saint-Denis | G6: A VERIFIER | H6: A VERIFIER | I6: A VERIFIER | J6: A COMPLETER | K6: A COMPLETER | L6: Dirigeant / DG | M6: A COMPLETER | N6: A COMPLETER | O6: A COMPLETER | P6: Agent de transit / Déclarant douane jr | Q6: P1 | R6: Source annuaire | S6: Ouvrir la fiche entreprise | T6: A contacter | V6: Transport international + stockage, préparation de commandes, expédition.
A7: 3 | B7: CMR OI | C7: Transit multimodal + stockage | D7: A VERIFIER | E7: 97400 | F7: Saint-Denis | G7: A VERIFIER | H7: A VERIFIER | I7: A VERIFIER | J7: A COMPLETER | K7: A COMPLETER | L7: Dirigeant / DG | M7: A COMPLETER | N7: A COMPLETER | O7: A COMPLETER | P7: Agent de transit / Déclarant douane jr | Q7: P1 | R7: Source annuaire | S7: Ouvrir la fiche entreprise | T7: A contacter | V7: Routier, aérien, maritime + stockage et distribution.
A8: 4 | B8: RUNLOGISTIC | C8: Commissionnaire de transport | D8: A VERIFIER | E8: 97400 | F8: Saint-Denis | G8: A VERIFIER | H8: A VERIFIER | I8: A VERIFIER | J8: A COMPLETER | K8: A COMPLETER | L8: Dirigeant / DG | M8: A COMPLETER | N8: A COMPLETER | O8: https://www.runlogistic.re/ | P8: Agent de transit / Déclarant douane jr | Q8: P1 | R8: Source annuaire | S8: Ouvrir la fiche entreprise | T8: A contacter | V8: Site : runlogistic.re — organisateur de transport.
A9: 5 | B9: MADARUN | C9: Transport / Logistique | D9: 27 rue Monseigneur Mondon | E9: 97400 | F9: Saint-Denis | G9: A VERIFIER | H9: A VERIFIER | I9: A VERIFIER | J9: A COMPLETER | K9: A COMPLETER | L9: Dirigeant / DG | M9: A COMPLETER | N9: A COMPLETER | O9: A COMPLETER | P9: Opérateur logistique / Prépa. commandes | Q9: P2 | R9: Source annuaire | S9: Ouvrir la fiche entreprise | T9: A contacter | V9: Transport particuliers et professionnels.
A10: 6 | B10: DEPOTAGE LOGISTIQUE RÉUNION (DLR) | C10: Dépotage conteneurs / Entreposage | D10: A VERIFIER | E10: 97400 | F10: Saint-Denis | G10: 91889408000012 | H10: A VERIFIER | I10: A VERIFIER | J10: A COMPLETER | K10: A COMPLETER | L10: Dirigeant / DG | M10: A COMPLETER | N10: A COMPLETER | O10: A COMPLETER | P10: Agent de quai / Réception-expédition | Q10: P1 | R10: Source annuaire | S10: Ouvrir la fiche entreprise | T10: A contacter | V10: SIRET relevé sur base publique — à reconfirmer sur l'Annuaire des Entreprises.
A11: 7 | B11: SLOI (Groupe SOMATRANS) | C11: Commission en douane / Transit | D11: A VERIFIER | E11: 97400 | F11: Saint-Denis | G11: A VERIFIER | H11: A VERIFIER | I11: A VERIFIER | J11: A COMPLETER | K11: A COMPLETER | L11: Dirigeant / DG | M11: A COMPLETER | N11: A COMPLETER | O11: A COMPLETER | P11: Agent de transit / Déclarant douane jr | Q11: P1 | R11: Source annuaire | S11: Ouvrir la fiche entreprise | T11: A contacter | V11: Filiale groupe SOMATRANS — commissionnaire en douane.
A12: 8 | B12: SFT GONDRAND FRÈRES – agence Réunion | C12: Transit international / Douane | D12: A VERIFIER | E12: 97400 | F12: Saint-Denis | G12: A VERIFIER | H12: A VERIFIER | I12: A VERIFIER | J12: A COMPLETER | K12: A COMPLETER | L12: Dirigeant / DG | M12: A COMPLETER | N12: A COMPLETER | O12: A COMPLETER | P12: Agent de transit / Déclarant douane jr | Q12: P2 | R12: Source annuaire | S12: Ouvrir la fiche entreprise | T12: A contacter | V12: Groupe national, process RH structuré : viser le siège + le responsable d'agence.
A13: 9 | B13: KOB DISTRIBUTION | C13: Grossiste alimentaire + entrepôt | D13: 10 rue Charles Gounod | E13: 97400 | F13: Saint-Denis | G13: A VERIFIER | H13: A VERIFIER | I13: A VERIFIER | J13: A COMPLETER | K13: A COMPLETER | L13: Dirigeant / DG | M13: A COMPLETER | N13: A COMPLETER | O13: A COMPLETER | P13: Opérateur logistique / Prépa. commandes | Q13: P1 | R13: Source annuaire | S13: Ouvrir la fiche entreprise | T13: A contacter | V13: Entrepôt de stockage, clientèle CHR : fort besoin de préparation de commandes.
A14: 10 | B14: 974 EMBALLAGE | C14: Négoce emballage / Dépôt | D14: ZI du Chaudron, 28 rue Gabriel de Kerveguen | E14: 97490 | F14: Sainte-Clotilde (Saint-Denis) | G14: A VERIFIER | H14: A VERIFIER | I14: A VERIFIER | J14: A COMPLETER | K14: A COMPLETER | L14: Dirigeant / DG | M14: A COMPLETER | N14: A COMPLETER | O14: A COMPLETER | P14: Magasinier / Gestion des stocks | Q14: P2 | R14: Source annuaire | S14: Ouvrir la fiche entreprise | T14: A contacter | V14: Emballages et fournitures pour la restauration.
A15: 11 | B15: ADELIS | C15: Distribution froid négatif / Livraison | D15: A VERIFIER | E15: 97400 | F15: Saint-Denis | G15: A VERIFIER | H15: A VERIFIER | I15: A VERIFIER | J15: A COMPLETER | K15: A COMPLETER | L15: Dirigeant / DG | M15: A COMPLETER | N15: A COMPLETER | O15: A COMPLETER | P15: Opérateur logistique / Prépa. commandes | Q15: P2 | R15: Source annuaire | S15: Ouvrir la fiche entreprise | T15: A contacter | V15: Glaces artisanales, livraison sur toute l'île : logistique du froid.
A16: 12 | B16: SODIREL | C16: Distribution / Logistique de marques | D16: A VERIFIER | E16: 97400 | F16: Saint-Denis | G16: A VERIFIER | H16: A VERIFIER | I16: A VERIFIER | J16: A COMPLETER | K16: A COMPLETER | L16: Dirigeant / DG | M16: A COMPLETER | N16: A COMPLETER | O16: A COMPLETER | P16: Opérateur logistique / Prépa. commandes | Q16: P2 | R16: Source annuaire | S16: Ouvrir la fiche entreprise | T16: A contacter | V16: Distributeur multimarques, logistique intégrée.
... A21: 17 | B21: DEMECO CHEUNG DÉMÉNAGEMENTS | C21: Déménagement / Garde-meuble | D21: A VERIFIER | E21: 97400 | F21: Saint-Denis | G21: A VERIFIER | H21: A VERIFIER | I21: A VERIFIER | J21: A COMPLETER | K21: A COMPLETER | L21: Dirigeant / DG | M21: A COMPLETER | N21: A COMPLETER | O21: A COMPLETER | P21: Magasinier / Gestion des stocks | Q21: P2 | R21: Source annuaire | S21: Ouvrir la fiche entreprise | T21: A contacter | V21: Déménagement local, national et international, garde-meuble et groupage maritime. Manutention, inventaire et gestion de stock : bon terrain pour un profil magasinier.

Sheet 02 Sainte-Marie
A1: PROSPECTION LOGISTIQUE – SAINTE-MARIE
A2: Sainte-Marie – zone aéroportuaire Roland Garros, Duparc, Bel-Air
A4: N° | B4: Raison sociale / Enseigne | C4: Segment logistique | D4: Adresse | E4: CP | F4: Commune | G4: SIRET (14 chiffres) | H4: Code APE | I4: Libellé APE | J4: Effectif (tranche INSEE) | K4: Dirigeant (Nom Prénom) | L4: Fonction | M4: Téléphone | N4: Email contact | O4: Site web | P4: Poste apprenti visé | Q4: Priorité | R4: Fiabilité donnée | S4: Vérifier SIRET / APE / Dirigeant | T4: Statut prospection | U4: Date dernier contact | V4: Notes
A5: 1 | B5: SIFA LOGISTICS – agence Réunion | C5: Transit aérien & maritime / Entrepôt | D5: ZA de Gillot – Aéroport Roland Garros | E5: 97438 | F5: Sainte-Marie | G5: A VERIFIER | H5: A VERIFIER | I5: A VERIFIER | J5: A COMPLETER | K5: A COMPLETER | L5: Dirigeant / DG | M5: A COMPLETER | N5: A COMPLETER | O5: https://sifalogistics.com/nos-agences/sifa-reunion/ | P5: Agent de transit / Déclarant douane jr | Q5: P1 | R5: Source annuaire | S5: Ouvrir la fiche entreprise | T5: A contacter | V5: Entrepôt sur zone aéroportuaire. Ouv. lun-jeu 8h-16h30, ven 8h-16h.
A6: 2 | B6: DSG TRANSIT REPIQUET | C6: Transit aérien | D6: Parc d'activités aéroportuaire, 44 rue Hélène Boucher – îlot 1 | E6: 97438 | F6: Sainte-Marie | G6: A VERIFIER | H6: A VERIFIER | I6: A VERIFIER | J6: A COMPLETER | K6: A COMPLETER | L6: Dirigeant / DG | M6: A COMPLETER | N6: A COMPLETER | O6: A COMPLETER | P6: Agent de transit / Déclarant douane jr | Q6: P1 | R6: Source annuaire | S6: Ouvrir la fiche entreprise | T6: A contacter | V6: Agence air.
A7: 3 | B7: SNT – SOCIÉTÉ NOUVELLE DE TRANSPORT | C7: Transit & Logistique | D7: Gare de fret aérien (2e étage) – Aéroport Roland Garros | E7: 97438 | F7: Sainte-Marie | G7: A VERIFIER | H7: A VERIFIER | I7: A VERIFIER | J7: A COMPLETER | K7: A COMPLETER | L7: Dirigeant / DG | M7: A COMPLETER | N7: A COMPLETER | O7: A COMPLETER | P7: Agent de transit / Déclarant douane jr | Q7: P1 | R7: Source annuaire | S7: Ouvrir la fiche entreprise | T7: A contacter | V7: Sur la plateforme fret.
A8: 4 | B8: T-TRAM (TRANSIT TRANSPORTS ROUTIERS AÉRIENS ET MARITIMES) | C8: Transit multimodal | D8: Aérogare Fret Roland Garros | E8: 97438 | F8: Sainte-Marie | G8: A VERIFIER | H8: A VERIFIER | I8: A VERIFIER | J8: A COMPLETER | K8: A COMPLETER | L8: Dirigeant / DG | M8: A COMPLETER | N8: A COMPLETER | O8: A COMPLETER | P8: Agent de transit / Déclarant douane jr | Q8: P1 | R8: Source annuaire | S8: Ouvrir la fiche entreprise | T8: A contacter | V8: Multimodal — bon terrain pour un apprenti agent de transit.
A9: 5 | B9: CHRONOPOST – agence Saint-Denis de La Réunion | C9: Messagerie express / Colis | D9: 40 rue Hélène Boucher | E9: 97438 | F9: Sainte-Marie | G9: A VERIFIER | H9: A VERIFIER | I9: A VERIFIER | J9: A COMPLETER | K9: A COMPLETER | L9: Dirigeant / DG | M9: 0262 48 34 34 | N9: A COMPLETER | O9: A COMPLETER | P9: Agent de quai / Réception-expédition | Q9: P1 | R9: Source annuaire | S9: Ouvrir la fiche entreprise | T9: A contacter | V9: Tél. relevé en annuaire public, à reconfirmer. Horaires : 8h-12h30 / 13h30-17h30, sam 8h30-12h. Tri et quai = poste d'agent de quai en alternance.
A10: 6 | B10: DHL INTERNATIONAL RÉUNION | C10: Messagerie express international | D10: 12 rue Hélène Boucher – ZA Saint-Exupéry, zone aéroportuaire | E10: 97438 | F10: Sainte-Marie | G10: A VERIFIER | H10: A VERIFIER | I10: A VERIFIER | J10: A COMPLETER | K10: A COMPLETER | L10: Dirigeant / DG | M10: A COMPLETER | N10: A COMPLETER | O10: A COMPLETER | P10: Agent de quai / Réception-expédition | Q10: P1 | R10: Source annuaire | S10: Ouvrir la fiche entreprise | T10: A contacter | V10: Groupe international : passer par le responsable d'agence ET le service RH DOM.
A11: 7 | B11: TRANS EXPRESS RÉUNION (TER) | C11: Affrètement / Organisation de transports | D11: A VERIFIER | E11: 97438 | F11: Sainte-Marie | G11: A VERIFIER | H11: A VERIFIER | I11: A VERIFIER | J11: A COMPLETER | K11: A COMPLETER | L11: Dirigeant / DG | M11: A COMPLETER | N11: A COMPLETER | O11: A COMPLETER | P11: Agent de quai / Réception-expédition | Q11: P1 | R11: Source annuaire | S11: Ouvrir la fiche entreprise | T11: A contacter | V11: Affrètement et organisation de transports. Présent à Gillot pour le fret aérien et au port pour le fret maritime : deux univers dans la même entreprise.
A12: 8 | B12: OCX RÉUNION | C12: Messagerie express internationale | D12: A VERIFIER | E12: 97438 | F12: Sainte-Marie | G12: A VERIFIER | H12: A VERIFIER | I12: A VERIFIER | J12: A COMPLETER | K12: A COMPLETER | L12: Dirigeant / DG | M12: A COMPLETER | N12: A COMPLETER | O12: A COMPLETER | P12: Agent de quai / Réception-expédition | Q12: P1 | R12: Source annuaire | S12: Ouvrir la fiche entreprise | T12: A contacter | V12: Cité comme représentant officiel FedEx et TNT à La Réunion : quai, tri, documents d'expédition. Confirmer l'agrément lors de l'appel.
A13: 9 | B13: HOLDTRANS | C13: Transit / Commission en douane | D13: Nouvelle aérogare de fret – porte 238 | E13: 97438 | F13: Sainte-Marie | G13: A VERIFIER | H13: A VERIFIER | I13: A VERIFIER | J13: A COMPLETER | K13: A COMPLETER | L13: Dirigeant / DG | M13: A COMPLETER | N13: A COMPLETER | O13: A COMPLETER | P13: Agent de transit / Déclarant douane jr | Q13: P1 | R13: Source annuaire | S13: Ouvrir la fiche entreprise | T13: A contacter | V13: Déclarants en douane agréés, fret maritime et aérien. Sur la plateforme fret de Gillot.
A14: 10 | B14: BOLLORÉ LOGISTICS RÉUNION | C14: Transit international / Logistique contractuelle | D14: 7 rue André Lardy – La Mare | E14: 97438 | F14: Sainte-Marie | G14: A VERIFIER | H14: A VERIFIER | I14: A VERIFIER | J14: A COMPLETER | K14: A COMPLETER | L14: Dirigeant / DG | M14: A COMPLETER | N14: A COMPLETER | O14: A COMPLETER | P14: Agent de transit / Déclarant douane jr | Q14: P1 | R14: Source annuaire | S14: Ouvrir la fiche entreprise | T14: A contacter | V14: Groupe international : l'alternance y est une pratique installée. Viser le responsable d'agence ET la RH régionale, et déposer l'offre sur leur portail recrutement.
A15: 11 | B15: SCHENKER FRANCE – agence Réunion | C15: Transit / Commission de transport | D15: Zone aérogare de fret – Gillot | E15: 97438 | F15: Sainte-Marie | G15: A VERIFIER | H15: A VERIFIER | I15: A VERIFIER | J15: A COMPLETER | K15: A COMPLETER | L15: Dirigeant / DG | M15: A COMPLETER | N15: A COMPLETER | O15: A COMPLETER | P15: Agent de transit / Déclarant douane jr | Q15: P1 | R15: Source annuaire | S15: Ouvrir la fiche entreprise | T15: A contacter | V15: Groupe international présent sur la zone fret. Même méthode que Bolloré : agence + RH.
A16: 12 | B16: KUEHNE + NAGEL – présence 974 | C16: Transit / Logistique internationale | D16: A VERIFIER | E16: 97438 | F16: Sainte-Marie | G16: A VERIFIER | H16: A VERIFIER | I16: A VERIFIER | J16: A COMPLETER | K16: A COMPLETER | L16: Dirigeant / DG | M16: A COMPLETER | N16: A COMPLETER | O16: A COMPLETER | P16: Agent de transit / Déclarant douane jr | Q16: P2 | R16: A vérifier | S16: Ouvrir la fiche entreprise | T16: A contacter | V16: Présence citée sur la zone aéroportuaire mais NON confirmée : vérifier l'existence d'un établissement 974 sur l'Annuaire des Entreprises AVANT tout appel.
... A21: 17 | B21: U EXPRESS SAINTE-MARIE | C21: Grande distribution – réserve | D21: 112 rue Roger Payet | E21: 97438 | F21: Sainte-Marie | G21: A VERIFIER | H21: A VERIFIER | I21: A VERIFIER | J21: A COMPLETER | K21: A COMPLETER | L21: Dirigeant / DG | M21: A COMPLETER | N21: A COMPLETER | O21: A COMPLETER | P21: Employé logistique en magasin | Q21: P2 | R21: Source annuaire | S21: Ouvrir la fiche entreprise | T21: A contacter | V21: Enseigne U : accords alternance fréquents.

Sheet 03 Sainte-Suzanne
A1: PROSPECTION LOGISTIQUE – SAINTE-SUZANNE
A2: Sainte-Suzanne – Quartier Français, Bagatelle
A4: N° | B4: Raison sociale / Enseigne | C4: Segment logistique | D4: Adresse | E4: CP | F4: Commune | G4: SIRET (14 chiffres) | H4: Code APE | I4: Libellé APE | J4: Effectif (tranche INSEE) | K4: Dirigeant (Nom Prénom) | L4: Fonction | M4: Téléphone | N4: Email contact | O4: Site web | P4: Poste apprenti visé | Q4: Priorité | R4: Fiabilité donnée | S4: Vérifier SIRET / APE / Dirigeant | T4: Statut prospection | U4: Date dernier contact | V4: Notes
A5: 1 | B5: SOCIÉTÉ TRANS LOGISTICS RÉUNION | C5: Transport routier de fret | D5: 85 rue Marchande | E5: 97441 | F5: Sainte-Suzanne | G5: A VERIFIER | H5: A VERIFIER | I5: A VERIFIER | J5: A COMPLETER | K5: A COMPLETER | L5: Dirigeant / DG | M5: A COMPLETER | N5: A COMPLETER | O5: A COMPLETER | P5: Opérateur logistique / Prépa. commandes | Q5: P1 | R5: Source annuaire | S5: Ouvrir la fiche entreprise | T5: A contacter
A6: 2 | B6: MRUN TRANSPORT | C6: Transport routier de fret | D6: 1B chemin Foutaque | E6: 97441 | F6: Sainte-Suzanne | G6: A VERIFIER | H6: A VERIFIER | I6: A VERIFIER | J6: A COMPLETER | K6: A COMPLETER | L6: Dirigeant / DG | M6: A COMPLETER | N6: A COMPLETER | O6: A COMPLETER | P6: Agent de quai / Réception-expédition | Q6: P2 | R6: Source annuaire | S6: Ouvrir la fiche entreprise | T6: A contacter
A7: 3 | B7: TIAMONTINIA – TRANSPORT DE MARCHANDISES | C7: Transport routier de fret | D7: 7 Bagatelle | E7: 97441 | F7: Sainte-Suzanne | G7: A VERIFIER | H7: A VERIFIER | I7: A VERIFIER | J7: A COMPLETER | K7: A COMPLETER | L7: Dirigeant / DG | M7: A COMPLETER | N7: A COMPLETER | O7: A COMPLETER | P7: Agent de quai / Réception-expédition | Q7: P3 | R7: Source annuaire | S7: Ouvrir la fiche entreprise | T7: A contacter | V7: TPE : vérifier la capacité à accueillir un apprenti (tuteur disponible).
A8: 4 | B8: ALLON ROULE ! | C8: Transport / Livraison | D8: 19 chemin des Azalées | E8: 97441 | F8: Sainte-Suzanne | G8: A VERIFIER | H8: A VERIFIER | I8: A VERIFIER | J8: A COMPLETER | K8: A COMPLETER | L8: Dirigeant / DG | M8: A COMPLETER | N8: A COMPLETER | O8: A COMPLETER | P8: Opérateur logistique / Prépa. commandes | Q8: P3 | R8: Source annuaire | S8: Ouvrir la fiche entreprise | T8: A contacter

Sheet 04 Saint-André
A1: PROSPECTION LOGISTIQUE – SAINT-ANDRÉ
A2: Saint-André – Cambuston, Bois-Rouge, La Cocoteraie
A4: N° | B4: Raison sociale / Enseigne | C4: Segment logistique | D4: Adresse | E4: CP | F4: Commune | G4: SIRET (14 chiffres) | H4: Code APE | I4: Libellé APE | J4: Effectif (tranche INSEE) | K4: Dirigeant (Nom Prénom) | L4: Fonction | M4: Téléphone | N4: Email contact | O4: Site web | P4: Poste apprenti visé | Q4: Priorité | R4: Fiabilité donnée | S4: Vérifier SIRET / APE / Dirigeant | T4: Statut prospection | U4: Date dernier contact | V4: Notes
A5: 1 | B5: TRANSPORT LOGISTIQUE RÉUNION (TLR) | C5: Transport & logistique | D5: 221 impasse du Centre | E5: 97440 | F5: Saint-André | G5: 94497358500010 | H5: A VERIFIER | I5: A VERIFIER | J5: A COMPLETER | K5: A COMPLETER | L5: Dirigeant / DG | M5: A COMPLETER | N5: A COMPLETER | O5: A COMPLETER | P5: Opérateur logistique / Prépa. commandes | Q5: P1 | R5: Vérifié | S5: Ouvrir la fiche entreprise | T5: A contacter | V5: SIRET du siège social relevé sur l'Annuaire des Entreprises. Entreprise récente : argument « construire votre équipe avec l'alternance ».
A6: 2 | B6: GLR LOGISTICS | C6: Prestataire logistique (SAS) | D6: A VERIFIER | E6: 97440 | F6: Saint-André | G6: A VERIFIER | H6: A VERIFIER | I6: A VERIFIER | J6: A COMPLETER | K6: A COMPLETER | L6: Dirigeant / DG | M6: A COMPLETER | N6: A COMPLETER | O6: A COMPLETER | P6: Opérateur logistique / Prépa. commandes | Q6: P1 | R6: Source annuaire | S6: Ouvrir la fiche entreprise | T6: A contacter
A7: 3 | B7: SAM I TRANSPORTE | C7: Transport routier / Livraison | D7: 250 rue Bois Rouge | E7: 97440 | F7: Saint-André | G7: A VERIFIER | H7: A VERIFIER | I7: A VERIFIER | J7: A COMPLETER | K7: A COMPLETER | L7: Dirigeant / DG | M7: A COMPLETER | N7: A COMPLETER | O7: A COMPLETER | P7: Agent de quai / Réception-expédition | Q7: P2 | R7: Source annuaire | S7: Ouvrir la fiche entreprise | T7: A contacter | V7: Livraisons sur toute La Réunion.
A8: 4 | B8: ZARLOC | C8: Location / Logistique | D8: 248 chemin Fourchon | E8: 97440 | F8: Saint-André | G8: A VERIFIER | H8: A VERIFIER | I8: A VERIFIER | J8: A COMPLETER | K8: A COMPLETER | L8: Dirigeant / DG | M8: A COMPLETER | N8: A COMPLETER | O8: A COMPLETER | P8: Magasinier / Gestion des stocks | Q8: P3 | R8: Source annuaire | S8: Ouvrir la fiche entreprise | T8: A contacter | V8: Vérifier l'activité exacte (code APE) avant l'appel.
A9: 5 | B9: TERALTA GRANULATS & BÉTON RÉUNION – site Saint-André | C9: Industrie / Flux matériaux | D9: A VERIFIER | E9: 97440 | F9: Saint-André | G9: A VERIFIER | H9: A VERIFIER | I9: A VERIFIER | J9: A COMPLETER | K9: A COMPLETER | L9: Dirigeant / DG | M9: A COMPLETER | N9: A COMPLETER | O9: A COMPLETER | P9: Magasinier / Gestion des stocks | Q9: P2 | R9: Source annuaire | S9: Ouvrir la fiche entreprise | T9: A contacter | V9: Groupe structuré : passer par la RH régionale. Logistique de granulats et béton.
A10: 6 | B10: RUN MARKET SAINT-ANDRÉ | C10: Grande distribution – réserve | D10: CC La Cocoteraie | E10: 97440 | F10: Saint-André | G10: A VERIFIER | H10: A VERIFIER | I10: A VERIFIER | J10: A COMPLETER | K10: A COMPLETER | L10: Dirigeant / DG | M10: A COMPLETER | N10: A COMPLETER | O10: A COMPLETER | P10: Employé logistique en magasin | Q10: P2 | R10: Source annuaire | S10: Ouvrir la fiche entreprise | T10: A contacter
A11: 7 | B11: SUPER U SAINT-ANDRÉ | C11: Grande distribution – réserve | D11: A VERIFIER | E11: 97440 | F11: Saint-André | G11: A VERIFIER | H11: A VERIFIER | I11: A VERIFIER | J11: A COMPLETER | K11: A COMPLETER | L11: Dirigeant / DG | M11: A COMPLETER | N11: A COMPLETER | O11: A COMPLETER | P11: Employé logistique en magasin | Q11: P2 | R11: Source annuaire | S11: Ouvrir la fiche entreprise | T11: A contacter | V11: Réception / réserve / drive : plusieurs postes possibles.
A12: 8 | B12: TEREOS OCÉAN INDIEN – SUCRERIE DE BOIS-ROUGE | C12: Industrie sucrière / Flux & expéditions | D12: Bois-Rouge – Cambuston | E12: 97440 | F12: Saint-André | G12: A VERIFIER | H12: A VERIFIER | I12: A VERIFIER | J12: A COMPLETER | K12: A COMPLETER | L12: Dirigeant / DG | M12: A COMPLETER | N12: A COMPLETER | O12: https://www.tereos.re/ | P12: Magasinier / Gestion des stocks | Q12: P1 | R12: Source annuaire | S12: Ouvrir la fiche entreprise | T12: A contacter | V12: Le plus gros site industriel de l'Est. Campagne sucrière de juillet à décembre : pics de flux, magasin de pièces, réception canne, expédition du sucre. Passer par la RH de Tereos Océan Indien (siège 974).
A13: 9 | B13: SKAL BRICO SODIS | C13: Négoce de matériaux / Dépôt | D13: 705 chemin Lagourgue | E13: 97440 | F13: Saint-André | G13: A VERIFIER | H13: A VERIFIER | I13: A VERIFIER | J13: A COMPLETER | K13: A COMPLETER | L13: Dirigeant / DG | M13: A COMPLETER | N13: A COMPLETER | O13: A COMPLETER | P13: Magasinier / Gestion des stocks | Q13: P2 | R13: Source annuaire | S13: Ouvrir la fiche entreprise | T13: A contacter | V13: Dépôt de matériaux : réception, cour, magasinier-cariste.

Sheet 05 Bras-Panon
A1: PROSPECTION LOGISTIQUE – BRAS-PANON
A2: Bras-Panon
A4: N° | B4: Raison sociale / Enseigne | C4: Segment logistique | D4: Adresse | E4: CP | F4: Commune | G4: SIRET (14 chiffres) | H4: Code APE | I4: Libellé APE | J4: Effectif (tranche INSEE) | K4: Dirigeant (Nom Prénom) | L4: Fonction | M4: Téléphone | N4: Email contact | O4: Site web | P4: Poste apprenti visé | Q4: Priorité | R4: Fiabilité donnée | S4: Vérifier SIRET / APE / Dirigeant | T4: Statut prospection | U4: Date dernier contact | V4: Notes
A5: 1 | B5: CRÉOLE LOGISTIQUE TRANSPORT | C5: Transport de fret interurbain | D5: 22 bis RN2 – Rivière des Roches | E5: 97412 | F5: Bras-Panon | G5: 80216938300014 | H5: A VERIFIER | I5: A VERIFIER | J5: A COMPLETER | K5: A COMPLETER | L5: Dirigeant / DG | M5: A COMPLETER | N5: A COMPLETER | O5: A COMPLETER | P5: Opérateur logistique / Prépa. commandes | Q5: P1 | R5: Vérifié | S5: Ouvrir la fiche entreprise | T5: A contacter | V5: SIRET et adresse relevés sur base publique (siège Bras-Panon), à reconfirmer sur l'Annuaire des Entreprises. Classée INSEE en transport routier de fret interurbain. Entreprise installée depuis une dizaine d'années : tuteur potentiel expérimenté.
A6: 2 | B6: AFA MARIE | C6: Transport routier | D6: A VERIFIER | E6: 97412 | F6: Bras-Panon | G6: A VERIFIER | H6: A VERIFIER | I6: A VERIFIER | J6: A COMPLETER | K6: A COMPLETER | L6: Dirigeant / DG | M6: A COMPLETER | N6: A COMPLETER | O6: A COMPLETER | P6: Agent de quai / Réception-expédition | Q6: P3 | R6: Source annuaire | S6: Ouvrir la fiche entreprise | T6: A contacter
A7: 3 | B7: WIN LOCATION | C7: Location (activité à qualifier) | D7: 6 rue des Palmiers | E7: 97412 | F7: Bras-Panon | G7: A VERIFIER | H7: A VERIFIER | I7: A VERIFIER | J7: A COMPLETER | K7: A COMPLETER | L7: Dirigeant / DG | M7: A COMPLETER | N7: A COMPLETER | O7: A COMPLETER | P7: Magasinier / Gestion des stocks | Q7: P3 | R7: A vérifier | S7: Ouvrir la fiche entreprise | T7: A contacter | V7: Activité exacte à confirmer via le code APE. Si location de matériel : il y a un parc et un magasin à gérer, donc un vrai poste d'apprenti.

Sheet 06 Saint-Benoît
A1: PROSPECTION LOGISTIQUE – SAINT-BENOÎT
A2: Saint-Benoît – ZAC Bras-Fusil, Beaulieu
A4: N° | B4: Raison sociale / Enseigne | C4: Segment logistique | D4: Adresse | E4: CP | F4: Commune | G4: SIRET (14 chiffres) | H4: Code APE | I4: Libellé APE | J4: Effectif (tranche INSEE) | K4: Dirigeant (Nom Prénom) | L4: Fonction | M4: Téléphone | N4: Email contact | O4: Site web | P4: Poste apprenti visé | Q4: Priorité | R4: Fiabilité donnée | S4: Vérifier SIRET / APE / Dirigeant | T4: Statut prospection | U4: Date dernier contact | V4: Notes
A5: 1 | B5: TRANSPORTS CAMALON (GROUPE CAMALON) | C5: Transport de fret / Matières dangereuses | D5: A VERIFIER | E5: 97470 | F5: Saint-Benoît | G5: A VERIFIER | H5: A VERIFIER | I5: A VERIFIER | J5: A COMPLETER | K5: A COMPLETER | L5: Dirigeant / DG | M5: A COMPLETER | N5: A COMPLETER | O5: https://www.groupe-camalon.com/ | P5: Opérateur logistique / Prépa. commandes | Q5: P1 | R5: Source annuaire | S5: Ouvrir la fiche entreprise | T5: A contacter | V5: Créée en 1990. Denrées alimentaires, agrégats, ADR. Site : groupe-camalon.com — structure solide, très bon potentiel tuteur.
A6: 2 | B6: TRANS'COOP O.I | C6: Transport routier de marchandises | D6: A VERIFIER | E6: 97470 | F6: Saint-Benoît | G6: A VERIFIER | H6: A VERIFIER | I6: A VERIFIER | J6: A COMPLETER | K6: A COMPLETER | L6: Dirigeant / DG | M6: A COMPLETER | N6: A COMPLETER | O6: https://www.transcoopoi.re/ | P6: Agent de quai / Réception-expédition | Q6: P1 | R6: Source annuaire | S6: Ouvrir la fiche entreprise | T6: A contacter | V6: Site : transcoopoi.re
A7: 3 | B7: GROUPE HOSPITALIER EST RÉUNION (GHER) | C7: Logistique hospitalière / Magasin | D7: 30 RN3 – ZAC Madeleine, Bras-Fusil | E7: 97470 | F7: Saint-Benoît | G7: A VERIFIER | H7: A VERIFIER | I7: A VERIFIER | J7: A COMPLETER | K7: A COMPLETER | L7: Dirigeant / DG | M7: A COMPLETER | N7: A COMPLETER | O7: A COMPLETER | P7: Magasinier / Gestion des stocks | Q7: P1 | R7: Source annuaire | S7: Ouvrir la fiche entreprise | T7: A contacter | V7: Employeur public : apprentissage possible dans la fonction publique hospitalière. Magasin général, pharmacie, flux de médicaments et équipements.
A8: 4 | B8: CARREFOUR SAINT-BENOÎT | C8: Grande distribution – réserve | D8: 6 chemin Goyaves | E8: 97470 | F8: Saint-Benoît | G8: A VERIFIER | H8: A VERIFIER | I8: A VERIFIER | J8: A COMPLETER | K8: A COMPLETER | L8: Dirigeant / DG | M8: A COMPLETER | N8: A COMPLETER | O8: A COMPLETER | P8: Employé logistique en magasin | Q8: P1 | R8: Source annuaire | S8: Ouvrir la fiche entreprise | T8: A contacter | V8: Hyper : réception, réserve, drive. Passer par le directeur de magasin + RH régionale.
A9: 5 | B9: SUPER U CHANE FAT | C9: Grande distribution – réserve | D9: 1 rue Louis Brunet | E9: 97470 | F9: Saint-Benoît | G9: A VERIFIER | H9: A VERIFIER | I9: A VERIFIER | J9: A COMPLETER | K9: A COMPLETER | L9: Dirigeant / DG | M9: A COMPLETER | N9: A COMPLETER | O9: A COMPLETER | P9: Employé logistique en magasin | Q9: P2 | R9: Source annuaire | S9: Ouvrir la fiche entreprise | T9: A contacter | V9: Franchise indépendante : décision rapide, parler directement au dirigeant.
A10: 6 | B10: TRANSPORT ROUTIER LEGROS | C10: Transport routier de fret interurbain | D10: 800 chemin Commence | E10: 97437 | F10: Sainte-Anne (Saint-Benoît) | G10: A VERIFIER | H10: A VERIFIER | I10: A VERIFIER | J10: A COMPLETER | K10: A COMPLETER | L10: Dirigeant / DG | M10: A COMPLETER | N10: A COMPLETER | O10: A COMPLETER | P10: Opérateur logistique / Prépa. commandes | Q10: P2 | R10: Source annuaire | S10: Ouvrir la fiche entreprise | T10: A contacter | V10: SARL créée en 2021, transports routiers de fret interurbains. Structure jeune : argument « formez dès maintenant votre futur exploitant / préparateur ».

Sheet 07 Sainte-Rose & Hauteurs
A1: PROSPECTION LOGISTIQUE – SAINTE-ROSE & HAUTEURS
A2: Sainte-Rose, La Plaine-des-Palmistes, Salazie, hauteurs de Saint-Denis
A4: N° | B4: Raison sociale / Enseigne | C4: Segment logistique | D4: Adresse | E4: CP | F4: Commune | G4: SIRET (14 chiffres) | H4: Code APE | I4: Libellé APE | J4: Effectif (tranche INSEE) | K4: Dirigeant (Nom Prénom) | L4: Fonction | M4: Téléphone | N4: Email contact | O4: Site web | P4: Poste apprenti visé | Q4: Priorité | R4: Fiabilité donnée | S4: Vérifier SIRET / APE / Dirigeant | T4: Statut prospection | U4: Date dernier contact | V4: Notes
A5: 1 | B5: À prospecter – ZA de Sainte-Rose | C5: Terrain à défricher | D5: Zone d'activités / commerces de la commune | E5: 97439 | F5: Sainte-Rose | G5: A VERIFIER | H5: A VERIFIER | I5: A VERIFIER | J5: A COMPLETER | K5: A COMPLETER | L5: Dirigeant / DG | M5: A COMPLETER | N5: A COMPLETER | O5: A COMPLETER | P5: Employé logistique en magasin | Q5: P3 | R5: A vérifier | S5: Ouvrir la fiche entreprise | T5: A contacter | V5: Aucune entreprise logistique pure identifiée en source ouverte. Cibler : supérettes, négoces de matériaux, transporteurs indépendants. Méthode : mairie + agence Pôle emploi / France Travail de Saint-Benoît.
A6: 2 | B6: À prospecter – La Plaine-des-Palmistes | C6: Terrain à défricher | D6: A VERIFIER | E6: 97431 | F6: La Plaine-des-Palmistes | G6: A VERIFIER | H6: A VERIFIER | I6: A VERIFIER | J6: A COMPLETER | K6: A COMPLETER | L6: Dirigeant / DG | M6: A COMPLETER | N6: A COMPLETER | O6: A COMPLETER | P6: Employé logistique en magasin | Q6: P3 | R6: A vérifier | S6: Ouvrir la fiche entreprise | T6: A contacter | V6: Commerces de proximité, artisans, transport de matériaux. Faible densité logistique.
A7: 3 | B7: À prospecter – Salazie (hauteurs) | C7: Terrain à défricher | D7: A VERIFIER | E7: 97433 | F7: Salazie | G7: A VERIFIER | H7: A VERIFIER | I7: A VERIFIER | J7: A COMPLETER | K7: A COMPLETER | L7: Dirigeant / DG | M7: A COMPLETER | N7: A COMPLETER | O7: A COMPLETER | P7: Employé logistique en magasin | Q7: P3 | R7: A vérifier | S7: Ouvrir la fiche entreprise | T7: A contacter | V7: Hauteurs : agriculture (chouchou), transport de denrées, coopératives. Contacter la Chambre d'agriculture et les coopératives locales.
A8: 4 | B8: À prospecter – Saint-Denis hauteurs (La Montagne, Le Brûlé, Bois-de-Nèfles) | C8: Terrain à défricher | D8: A VERIFIER | E8: 97400 | F8: Saint-Denis (hauteurs) | G8: A VERIFIER | H8: A VERIFIER | I8: A VERIFIER | J8: A COMPLETER | K8: A COMPLETER | L8: Dirigeant / DG | M8: A COMPLETER | N8: A COMPLETER | O8: A COMPLETER | P8: Employé logistique en magasin | Q8: P3 | R8: A vérifier | S8: Ouvrir la fiche entreprise | T8: A contacter | V8: Peu de logistique en hauteur : viser les dépôts et commerces de proximité, et les entreprises du bas où les jeunes des hauteurs peuvent se rendre.

Sheet 08 Pilotage
A1: PILOTAGE DE LA CAMPAGNE
A2: Compteurs automatiques – se mettent à jour quand vous remplissez les onglets communes
A4: VOLUME PAR COMMUNE
A5: Onglet | B5: Entreprises | C5: À contacter | D5: RDV pris | E5: Contrats signés | F5: Taux de signature
A6: 01 Saint-Denis | B6: 17 | C6: =COUNTIF('01 Saint-Denis'!$T$5:$T$400,"A contacter") | D6: =COUNTIF('01 Saint-Denis'!$T$5:$T$400,"RDV pris") | E6: =COUNTIF('01 Saint-Denis'!$T$5:$T$400,"Contrat signé") | F6: =IF(B6=0,"",E6/B6)
A7: 02 Sainte-Marie | B7: 17 | C7: =COUNTIF('02 Sainte-Marie'!$T$5:$T$400,"A contacter") | D7: =COUNTIF('02 Sainte-Marie'!$T$5:$T$400,"RDV pris") | E7: =COUNTIF('02 Sainte-Marie'!$T$5:$T$400,"Contrat signé") | F7: =IF(B7=0,"",E7/B7)
A8: 03 Sainte-Suzanne | B8: 4 | C8: =COUNTIF('03 Sainte-Suzanne'!$T$5:$T$400,"A contacter") | D8: =COUNTIF('03 Sainte-Suzanne'!$T$5:$T$400,"RDV pris") | E8: =COUNTIF('03 Sainte-Suzanne'!$T$5:$T$400,"Contrat signé") | F8: =IF(B8=0,"",E8/B8)
A9: 04 Saint-André | B9: 9 | C9: =COUNTIF('04 Saint-André'!$T$5:$T$400,"A contacter") | D9: =COUNTIF('04 Saint-André'!$T$5:$T$400,"RDV pris") | E9: =COUNTIF('04 Saint-André'!$T$5:$T$400,"Contrat signé") | F9: =IF(B9=0,"",E9/B9)
A10: 05 Bras-Panon | B10: 3 | C10: =COUNTIF('05 Bras-Panon'!$T$5:$T$400,"A contacter") | D10: =COUNTIF('05 Bras-Panon'!$T$5:$T$400,"RDV pris") | E10: =COUNTIF('05 Bras-Panon'!$T$5:$T$400,"Contrat signé") | F10: =IF(B10=0,"",E10/B10)
A11: 06 Saint-Benoît | B11: 6 | C11: =COUNTIF('06 Saint-Benoît'!$T$5:$T$400,"A contacter") | D11: =COUNTIF('06 Saint-Benoît'!$T$5:$T$400,"RDV pris") | E11: =COUNTIF('06 Saint-Benoît'!$T$5:$T$400,"Contrat signé") | F11: =IF(B11=0,"",E11/B11)
A12: 07 Sainte-Rose & Hauteurs | B12: 4 | C12: =COUNTIF('07 Sainte-Rose & Hauteurs'!$T$5:$T$400,"A contacter") | D12: =COUNTIF('07 Sainte-Rose & Hauteurs'!$T$5:$T$400,"RDV pris") | E12: =COUNTIF('07 Sainte-Rose & Hauteurs'!$T$5:$T$400,"Contrat signé") | F12: =IF(B12=0,"",E12/B12)
A13: TOTAL BASSIN NORD-EST | B13: =SUM(B6:B12) | C13: =SUM(C6:C12) | D13: =SUM(D6:D12) | E13: =SUM(E6:E12) | F13: =IF(B13=0,"",E13/B13)
A16: OBJECTIFS DE LA CAMPAGNE
A17: Appels à passer / semaine | B17: 30
A18: RDV entreprise / semaine | B18: 5
A19: Offres d'apprentissage à collecter | B19: à définir
A20: Ratio moyen observé | B20: ≈ 10 appels → 2 RDV → 1 offre

Sheet 09 Codes APE à cibler
A1: CODES APE / NAF À CIBLER
A2: Pour élargir vous-même le fichier depuis annuaire-entreprises.data.gouv.fr (filtre « activité »)
A4: Code APE | B4: Libellé officiel | C4: Pourquoi c'est une cible apprentissage | D4: Priorité
A5: 52.10A | B5: Entreposage et stockage frigorifique | C5: Cœur de cible : préparation de commandes, magasinage | D5: P1
A6: 52.10B | B6: Entreposage et stockage non frigorifique | C6: Cœur de cible : entrepôts, plateformes | D6: P1
A7: 52.24A | B7: Manutention portuaire | C7: Agent de quai, manutention (plutôt Le Port, à surveiller) | D7: P2
A8: 52.24B | B8: Manutention non portuaire | C8: Agent de quai, chargement/déchargement | D8: P1
A9: 52.29A | B9: Messagerie, fret express | C9: Tri, quai, expédition : très gros besoin en alternance | D9: P1
A10: 52.29B | B10: Affrètement et organisation des transports | C10: Transit, exploitation transport | D10: P1
A11: 49.41A | B11: Transports routiers de fret interurbains | C11: Exploitation, quai, gestion des tournées | D11: P1
A12: 49.41B | B12: Transports routiers de fret de proximité | C12: Livraison, préparation de tournées | D12: P1
A13: 49.41C | B13: Location de camions avec chauffeur | C13: Support logistique, planning | D13: P2
A14: 49.42Z | B14: Services de déménagement | C14: Manutention, inventaire, gestion de stock | D14: P2
A15: 53.20Z | B15: Autres activités de poste et de courrier | C15: Tri, distribution de colis | D15: P1
... A21: 45.11Z / 45.31Z | B21: Commerce de véhicules / d'équipements automobiles | C21: Magasin pièces détachées : magasinier-vendeur | D21: P2
A23: MÉTHODE POUR ÉLARGIR LE FICHIER
A24: 1. Aller sur https://annuaire-entreprises.data.gouv.fr (gratuit, données officielles INSEE).
A25: 2. Recherche avancée : saisir le code APE ci-dessus + département 974 + la commune visée.
A26: 3. La fiche donne : raison sociale, SIRET, code APE, adresse, effectif, et le nom du dirigeant.
A27: 4. Recopier dans l'onglet de la commune, puis chercher le téléphone/email sur le site de l'entreprise.
A28: 5. Vérifier aussi que l'établissement est bien « en activité » avant de l'appeler.
A30: Ouvrir l'Annuaire des Entreprises

Sheet 10 Script d'appel
A1: SCRIPT D'APPEL & ARGUMENTAIRE EMPLOYEUR
A2: Prospection apprentissage – métiers de la logistique
A4: 1. LE BARRAGE SECRÉTARIAT
A5: Objectif | B5: Obtenir le nom + la ligne du décideur (gérant, responsable d'exploitation, RH).
A6: Phrase | B6: « Bonjour, [Prénom Nom], je suis chargé des relations entreprises au CFA [nom]. Je cherche la personne qui décide des recrutements en logistique, c'est bien M./Mme [nom du dirigeant] ? »
A7: Astuce | B7: Citer le nom du dirigeant (colonne J) fait sauter le barrage 8 fois sur 10. D'où l'importance de qualifier AVANT d'appeler.
A8: 2. L'ACCROCHE (30 secondes)
A9: Phrase | B9: « Je ne vous appelle pas pour vous vendre quelque chose. Je forme des jeunes de 16 à 25 ans aux métiers de la logistique sur le Nord-Est, et je place des apprentis chez des entreprises comme la vôtre. Vous avez déjà accueilli un alternant ? »
A10: Pourquoi ça marche | B10: On annonce qu'on n'est pas un commercial, on cite le territoire, et on termine par une question ouverte.
A11: 3. LES 5 ARGUMENTS QUI FONT SIGNER
A12: ① Le coût | B12: L'apprentissage est le dispositif le moins coûteux pour recruter. Les aides à l'embauche et les exonérations s'appliquent (montants à vérifier chaque année auprès de l'OPCO — ne jamais annoncer un chiffre non actualisé).
A13: ② La formation gratuite | B13: Le coût pédagogique est pris en charge par l'OPCO de l'entreprise. Pour l'employeur, la formation ne sort pas de sa trésorerie.
A14: ③ Le recrutement sans risque | B14: L'apprentissage, c'est une période d'essai longue et financée. L'entreprise forme le salarié à SES process, SES logiciels, SES clients.
A15: ④ La pénurie de main-d'œuvre | B15: Sur le Nord-Est, les caristes, préparateurs et agents de quai sont difficiles à recruter. Former en interne, c'est sécuriser les 3 ans à venir.
A16: ⑤ Le zéro-souci administratif | B16: « Le contrat, le Cerfa, l'OPCO, le suivi : c'est moi qui gère. Vous, vous n'avez qu'à dire oui à un candidat. »
A17: 4. RÉPONSES AUX OBJECTIONS
A18: « On n'a pas le temps de former » | B18: « Un apprenti est en entreprise 3 semaines sur 4. Il est opérationnel sur la préparation de commandes en quelques semaines. Et le tuteur, on le forme et on l'accompagne. »
A19: « On n'a pas de budget » | B19: « Justement : c'est le contrat le moins cher du marché, et la formation est financée par votre OPCO. Je vous fais le calcul précis pour votre cas en 10 minutes. »
A20: « Les jeunes ne sont pas fiables » | B20: « C'est pour ça que je fais un pré-recrutement : je vous présente 2 ou 3 candidats déjà testés sur la motivation et la ponctualité. Vous choisissez, ou vous ne choisissez personne. »
A21: « On est trop petit » | B21: « Une entreprise de 3 personnes peut prendre un apprenti. Il faut juste un tuteur qui a le métier — et vous l'avez. »
A22: « Rappelez-moi dans 6 mois » | B22: « Très bien. Je note [date précise]. En attendant je vous envoie une page qui résume les aides, et je vous préviens si j'ai un très bon profil qui habite à côté de chez vous. » → noter la date dans la colonne T de l'onglet commune.
A23: 5. LA CLÔTURE
A24: Ne jamais raccrocher sans | B24: ① un nom + un email direct, ② une date de relance précise, ③ si possible un RDV de 20 min sur site.
A25: Phrase de closing | B25: « Je passe dans votre secteur [jour]. Je vous montre 2 profils en 15 minutes, vous me dites oui ou non. Ça vous va ? »
A26: 6. APRÈS L'APPEL – À FAIRE LE JOUR MÊME
A27: Traçabilité | B27: Remplir « Statut prospection » + « Date dernier contact » + « Notes » dans l'onglet commune.
A28: Email de confirmation | B28: Envoyer sous 2h un mail court : ce qui a été dit, ce que vous envoyez, la date de relance. Ça vous positionne comme un pro.

Sheet 11 Sources & mise à jour
A1: SOURCES DES DONNÉES
A2: Traçabilité et outils pour compléter / actualiser le fichier
A4: SOURCES UTILISÉES POUR CONSTRUIRE CE FICHIER
A5: Annuaire des Entreprises (INSEE) | B5: https://annuaire-entreprises.data.gouv.fr/
A6: API Recherche d'entreprises (open data) | B6: https://recherche-entreprises.api.gouv.fr/
A7: Registre des transporteurs de marchandises | B7: https://www2.transports.developpement-durable.gouv.fr/registres/marchandises/99.pdf
A8: Pages Jaunes – La Réunion | B8: https://www.pagesjaunes.fr/annuaire/departement/reunion-974/transport-marchandises
A9: Kompass – Transports et logistique La Réunion | B9: https://fr.kompass.com/s/transports-et-logistique/10/r/la-reunion/fr_04/
A10: Annuaire des transitaires de La Réunion | B10: https://www.reunion-directory.com/professions/transit-douane.html
A11: CCI Réunion (fichiers entreprises, événements) | B11: https://www.reunion.cci.fr/
A12: France Travail / offres logistique 974 | B12: https://candidat.francetravail.fr/offres/recherche
A13: Annuaire fret – Aéroport Roland Garros | B13: https://www.reunion.aeroport.fr/fret/annuaire
A14: Kompass – Transports et logistique Saint-André | B14: https://fr.kompass.com/s/transports-et-logistique/10/v/saint-andre/fr_04_974_97409/
A15: Pages Jaunes – fiche SIRET Créole Logistique Transport | B15: https://www.pagesjaunes.fr/siret/80216938300014
A16: Tereos Océan Indien (sucrerie de Bois-Rouge) | B16: https://www.tereos.re/visitez-nos-sucreries/sucrerie-de-bois-rouge
... A18: SIFA Logistics – agence Réunion | B18: https://sifalogistics.com/nos-agences/sifa-reunion/
A20: LIMITES CONNUES
A21: • Les SIRET, codes APE et noms de dirigeants non confirmés sont marqués « A VERIFIER » : ils ne sont PAS renseignés au hasard.
A22: • Les emails et téléphones directs ne figurent dans aucune base ouverte : ils se collectent sur le site de l'entreprise ou par téléphone.
A23: • Sainte-Rose, La Plaine-des-Palmistes et Salazie comptent très peu d'entreprises logistiques : le potentiel y est surtout en commerce de proximité et transport agricole.
A24: • Le fichier est une base de départ : il doit vivre. Ajoutez une ligne à chaque entreprise rencontrée sur le terrain.
A25: • Les entreprises ajoutées lors de l'enrichissement proviennent d'annuaires en ligne (annuaire fret de l'aéroport, Kompass, Pages Jaunes) : le NOM est fiable, l'adresse est à confirmer, et le SIRET reste à récupérer via le lien de la colonne S ou via le script d'auto-complétion.
A26: • Une ligne porte la mention « A vérifier » en fiabilité (KUEHNE + NAGEL) : sa présence à La Réunion est citée mais non confirmée. Vérifiez-la sur l'Annuaire des Entreprises avant d'appeler.
